,United States Interest,United Kingdom Interest,United States Inflation,United Kingdom Inflation,United States Unemployment,United Kingdom Unemployment,DEXUSUK
1983-02-01,8.54,11.3338,0.037076271186440746,0.0492594977462979,10.4,10.7,1.5115
1983-03-01,8.69,10.9757,0.03484688489968324,0.053427743804314476,10.4,10.8,1.4825
1983-04-01,8.63,10.2616,0.035902851108764455,0.04626675175494377,10.3,10.8,1.5573
1983-05-01,8.49,10.2593,0.040000000000000036,0.040037535189239915,10.2,11.0,1.6005
1983-06-01,9.2,9.9384,0.0344108446298228,0.036956521739131665,10.1,10.9,1.533
1983-07-01,9.5,9.8919,0.024742268041237248,0.03654382161660141,10.1,11.0,1.52
1983-08-01,9.77,9.8666,0.02358974358974364,0.04179566563467496,9.4,10.9,1.494
1983-09-01,9.39,9.6902,0.02456499488229258,0.04611575363664566,9.5,10.9,1.4977
1983-10-01,9.18,9.38,0.02763561924257929,0.05140910498606521,9.2,10.9,1.4952
1983-11-01,9.36,9.3027,0.02752293577981657,0.04992295839753402,8.8,10.8,1.463
1983-12-01,9.69,9.4245,0.031632653061224536,0.04845139527752429,8.5,10.8,1.4515
1984-01-01,9.42,9.446,0.03787103377686796,0.053149001536097584,8.3,10.8,1.4012
1984-02-01,9.54,9.38,0.04290091930541351,0.05124271248849155,8.0,10.7,1.4905
1984-03-01,10.08,8.9525,0.04693877551020398,0.05102352581729108,7.8,10.8,1.4375
1984-04-01,10.41,8.8803,0.04892966360856277,0.05245501677340636,7.8,10.7,1.398
1984-05-01,11.11,9.4002,0.045546558704453455,0.051729323308270514,7.7,10.7,1.3855
1984-06-01,11.34,9.451,0.043346774193548265,0.05121293800538873,7.4,10.7,1.3575
1984-07-01,11.56,11.5145,0.04325955734406439,0.05138930385419771,7.2,10.8,1.3073
1984-08-01,11.47,11.0748,0.043086172344689366,0.04457652303120341,7.5,10.9,1.3075
1984-09-01,11.29,10.8323,0.04295704295704317,0.04970414201183426,7.5,10.9,1.234
1984-10-01,10.38,10.6659,0.042828685258964105,0.04712812960235713,7.3,11.0,1.2185
1984-11-01,9.18,9.9057,0.04265873015873023,0.049897270325800935,7.4,11.0,1.197
1984-12-01,8.6,9.8234,0.041543026706231556,0.04942965779467623,7.2,11.1,1.158
1985-01-01,8.14,11.6798,0.04043392504930954,0.04579929988331388,7.3,11.1,1.1305
1985-02-01,8.69,13.783,0.0352595494613126,0.05020431990659646,7.3,11.2,1.079
1985-03-01,9.02,13.6295,0.03606237816764146,0.053958205834353734,7.2,11.2,1.236
1985-04-01,8.49,12.764,0.03790087463556846,0.06088751289989691,7.2,11.2,1.241
1985-05-01,7.92,12.6624,0.03581800580832528,0.06949565793236201,7.3,11.3,1.286
1985-06-01,7.44,12.4373,0.035748792270531515,0.07003048932873468,7.2,11.3,1.3095
1985-07-01,7.64,12.0357,0.03664416586306651,0.0695360524072326,7.4,11.2,1.411
1985-08-01,7.81,11.4952,0.03458213256484166,0.06850839759426841,7.4,11.2,1.391
1985-09-01,7.93,11.5488,0.03352490421455934,0.06190601574398236,7.1,11.2,1.4085
1985-10-01,7.88,11.5485,0.032473734479465,0.05870530757272863,7.1,11.2,1.4405
1985-11-01,7.81,11.5705,0.032350142721217834,0.05439969787482424,7.1,11.2,1.489
1985-12-01,7.8,11.764,0.03513770180436859,0.054465787517846254,7.0,11.1,1.445
1986-01-01,7.82,12.8291,0.03791469194312791,0.05644865301328661,7.0,11.2,1.412
1986-02-01,7.69,12.6713,0.039735099337748325,0.054824561403509,6.7,11.2,1.446
1986-03-01,7.24,11.7821,0.0319849482596426,0.05114254624592052,7.2,11.1,1.4735
1986-04-01,6.6,10.5014,0.021535580524344455,0.04202586206896508,7.2,11.2,1.551
1986-05-01,6.65,10.2125,0.015887850467289688,0.030590717299577852,7.1,11.3,1.4723
1986-06-01,6.73,9.7705,0.01679104477611948,0.02731092436974847,7.2,11.3,1.532
1986-07-01,6.37,9.9659,0.017674418604651132,0.025157232704402066,7.2,11.3,1.4915
1986-08-01,5.92,9.8595,0.01671309192200554,0.024159663865547687,7.0,11.3,1.488
1986-09-01,5.71,10.133,0.01575532900834098,0.024083769633507,6.9,11.3,1.4468
1986-10-01,5.69,11.09,0.01757631822386685,0.030398322851152626,7.0,11.3,1.4055
1986-11-01,5.76,11.1915,0.015668202764977046,0.030334728033472258,7.0,11.2,1.4335
1986-12-01,6.04,11.3114,0.012844036697247763,0.03545359749739285,6.9,11.2,1.4825
1987-01-01,5.87,11.0452,0.01187214611872145,0.03749999999999809,6.6,11.2,1.514
1987-02-01,6.1,10.824,0.01364877161055511,0.03950103950104111,6.6,11.1,1.546
1987-03-01,6.17,9.9498,0.019143117593436676,0.03933747412008204,6.6,11.0,1.607
1987-04-01,6.52,9.7808,0.028414298808432603,0.04033092037228503,6.6,10.9,1.6605
1987-05-01,6.99,8.8155,0.03679852805887762,0.04196519959058409,6.3,10.8,1.6295
1987-06-01,6.94,8.8923,0.03669724770642202,0.041922290388548555,6.3,10.6,1.6128
1987-07-01,6.7,9.1926,0.03747714808043878,0.041922290388548555,6.2,10.5,1.591
1987-08-01,6.75,10.045,0.03926940639269394,0.04410256410256341,6.1,10.3,1.6328
1987-09-01,7.37,10.1609,0.042883211678832245,0.04396728016359841,6.0,10.1,1.6248
1987-10-01,8.02,9.9582,0.042727272727272725,0.04170905391658253,5.9,10.0,1.7215
1987-11-01,7.24,8.9426,0.04355716878402904,0.044670050761421054,6.0,9.8,1.8256
1987-12-01,7.66,8.7688,0.04528985507246386,0.04128902316213545,5.8,9.6,1.886
1988-01-01,6.92,8.9305,0.04332129963898912,0.03714859437751117,5.7,9.4,1.7691
1988-02-01,6.6,9.265,0.04129263913824044,0.03299999999999903,5.7,9.2,1.7735
1988-03-01,6.63,8.8852,0.03935599284436497,0.031078245652782943,5.7,9.1,1.8865
1988-04-01,6.92,8.3032,0.03832442067736186,0.03340723251111766,5.7,8.9,1.8785
1988-05-01,7.24,8.0343,0.03992901508429458,0.03420729638364439,5.4,8.8,1.8382
1988-06-01,7.51,8.9323,0.03982300884955747,0.037515353277074226,5.6,8.7,1.7085
1988-07-01,7.94,10.5452,0.0396475770925111,0.04183833391572889,5.4,8.5,1.71
1988-08-01,8.35,11.3984,0.04130052724077338,0.04286175074668752,5.4,8.4,1.6825
1988-09-01,8.23,12.1543,0.04111986001749779,0.04626928321871926,5.6,8.3,1.691
1988-10-01,8.36,12.0198,0.04184829991281602,0.047505913512792874,5.4,8.4,1.769
1988-11-01,8.78,12.3282,0.04260869565217407,0.04883744542593105,5.4,8.0,1.8493
1988-12-01,9.25,13.1508,0.04246100519930662,0.05015609985441616,5.3,7.9,1.8085
1989-01-01,9.2,13.1195,0.044117647058823595,0.05117270788912576,5.3,7.7,1.75
1989-02-01,9.51,13.0208,0.04482758620689653,0.05543710021321968,5.4,7.6,1.744
1989-03-01,10.09,13.0281,0.04647160068846801,0.057446808510638325,5.2,7.5,1.6852
1989-04-01,9.94,13.129,0.04892703862660941,0.05932203389830493,5.0,7.4,1.689
1989-05-01,9.59,13.1371,0.05034129692832767,0.05648535564853563,5.2,7.2,1.5715
1989-06-01,9.2,14.1548,0.052765957446808454,0.06041666666666656,5.2,7.1,1.549
1989-07-01,8.76,13.9044,0.051694915254237195,0.05809128630705396,5.3,7.0,1.666
1989-08-01,8.64,13.8541,0.05063291139240511,0.05809128630705396,5.2,7.0,1.573
1989-09-01,8.78,14.0248,0.04621848739495804,0.053608247422680444,5.2,7.0,1.6145
1989-10-01,8.6,15.0241,0.04435146443514637,0.05749486652977409,5.3,6.9,1.5775
1989-11-01,8.39,15.11,0.04587155963302747,0.0591836734693878,5.3,6.8,1.5695
1989-12-01,8.32,15.1224,0.046550290939318506,0.05679513184584195,5.4,6.8,1.6145
1990-01-01,8.16,15.1605,0.046396023198011616,0.05882352941176472,5.4,6.8,1.6794
1990-02-01,8.22,15.1103,0.051980198019802026,0.05858585858585852,5.4,6.8,1.6892
1990-03-01,8.35,15.2859,0.05263157894736836,0.06438631790744465,5.3,6.8,1.648
1990-04-01,8.42,15.2129,0.05237315875613735,0.062000000000000055,5.2,6.7,1.6389
1990-05-01,8.35,15.1512,0.04711616571892785,0.0772277227722773,5.4,6.8,1.6765
1990-06-01,8.23,14.9702,0.043654001616814764,0.08055009823182724,5.4,6.7,1.745
1990-07-01,8.1,14.9502,0.04673650282030639,0.08235294117647074,5.2,6.7,1.86
1990-08-01,7.97,15.0016,0.04819277108433728,0.08235294117647074,5.5,6.8,1.892
1990-09-01,8.06,14.9133,0.05702811244979911,0.09001956947162437,5.7,6.8,1.8735
1990-10-01,8.06,14.0259,0.06169871794871806,0.09126213592233023,5.9,6.9,1.944
1990-11-01,8.03,13.6352,0.06379585326953752,0.09248554913294815,5.9,7.0,1.9392
1990-12-01,7.82,13.8084,0.06195393169181873,0.09213051823416496,6.2,7.1,1.9285
1991-01-01,7.17,13.9689,0.06254948535233562,0.09195402298850563,6.3,7.4,1.965
1991-02-01,6.52,13.2535,0.05647058823529405,0.08778625954198471,6.4,7.5,1.91
1991-03-01,6.45,12.4013,0.05312500000000009,0.08128544423440465,6.6,7.7,1.7485
1991-04-01,6.06,11.9483,0.04821150855365497,0.08286252354048962,6.8,8.1,1.7225
1991-05-01,5.91,11.5255,0.04809930178432875,0.07904411764705888,6.7,8.3,1.698
1991-06-01,6.07,11.2428,0.05034856700232382,0.07636363636363641,6.9,8.5,1.618
1991-07-01,5.98,11.0937,0.046959199384141614,0.0778985507246377,6.9,8.6,1.6845
1991-08-01,5.65,10.8948,0.04367816091954024,0.07427536231884058,6.8,8.8,1.68
1991-09-01,5.47,10.2867,0.03799392097264431,0.07540394973070019,6.9,9.0,1.752
1991-10-01,5.33,10.3974,0.03396226415094339,0.06939501779359425,6.9,9.0,1.7425
1991-11-01,4.94,10.476,0.028485757121439192,0.06525573192239853,7.0,9.0,1.7655
1991-12-01,4.47,10.776,0.030665669409125185,0.06326889279437609,7.0,9.1,1.866
1992-01-01,4.05,10.6457,0.02980625931445613,0.06491228070175437,7.3,9.2,1.789
1992-02-01,4.07,10.368,0.02672605790645899,0.06140350877192979,7.3,9.3,1.756
1992-03-01,4.25,10.618,0.028189910979228294,0.06293706293706292,7.4,9.3,1.7363
1992-04-01,4.0,10.6185,0.03189910979228472,0.06260869565217386,7.4,9.3,1.775
1992-05-01,3.82,10.0576,0.031828275351591495,0.0528109028960817,7.4,9.6,1.829
1992-06-01,3.86,9.9839,0.030235988200590036,0.05067567567567566,7.6,9.6,1.9035
1992-07-01,3.37,10.1483,0.030147058823529305,0.04537815126050426,7.8,9.8,1.92
1992-08-01,3.31,10.345,0.031571218795888534,0.045531197301855064,7.7,9.8,1.9893
1992-09-01,3.13,9.9893,0.030746705710102518,0.036727879799666185,7.6,9.8,1.779
1992-10-01,3.26,8.323,0.029927007299270114,0.03660565723793674,7.6,9.9,1.5625
1992-11-01,3.58,7.2079,0.03279883381924198,0.03476821192052992,7.3,10.1,1.5135
1992-12-01,3.48,7.1536,0.031204644412191396,0.03305785123966931,7.4,10.2,1.513
1993-01-01,3.19,6.944,0.02966714905933454,0.0313014827018121,7.4,10.3,1.4855
1993-02-01,3.12,6.1603,0.03253796095444694,0.03140495867768589,7.3,10.4,1.4215
1993-03-01,3.11,5.9781,0.032467532467532534,0.03125,7.1,10.4,1.509
1993-04-01,3.09,5.9753,0.030194104960460155,0.03109656301145658,7.0,10.4,1.5695
1993-05-01,3.1,5.9708,0.031563845050215145,0.025889967637540368,7.1,10.2,1.5605
1993-06-01,3.21,5.8861,0.0322118826055835,0.022508038585209,7.1,10.2,1.493
1993-07-01,3.16,5.9511,0.029978586723768963,0.022508038585209,7.0,10.2,1.485
1993-08-01,3.14,5.8429,0.028469750889679624,0.022580645161290214,6.9,10.1,1.4868
1993-09-01,3.12,5.9132,0.02840909090909083,0.025764895330112836,6.8,10.1,1.496
1993-10-01,3.24,5.7602,0.027639971651311157,0.027287319422151013,6.7,10.1,1.4882
1993-11-01,3.35,5.5707,0.02752293577981657,0.02400000000000002,6.8,10.1,1.4852
1993-12-01,3.26,5.3319,0.027445460942997935,0.02079999999999993,6.6,10.1,1.4775
1994-01-01,3.15,5.3919,0.028109627547435068,0.022364217252396124,6.5,10.0,1.5005
1994-02-01,3.43,5.218,0.02450980392156854,0.025641025641025772,6.6,9.9,1.4875
1994-03-01,3.77,5.1643,0.02515723270440251,0.02392344497607657,6.6,9.8,1.488
1994-04-01,4.01,5.2095,0.026517794836008246,0.022222222222222365,6.5,9.6,1.5118
1994-05-01,4.51,5.1665,0.02364394993045882,0.023659305993690927,6.4,9.5,1.512
1994-06-01,4.52,5.1345,0.02288488210818307,0.023584905660377187,6.1,9.5,1.5483
1994-07-01,4.73,5.1999,0.02494802494802495,0.023584905660377187,6.1,9.4,1.5415
1994-08-01,4.81,5.5277,0.0269896193771626,0.020504731861198833,6.1,9.3,1.5362
1994-09-01,5.03,5.6691,0.02900552486187835,0.0219780219780219,6.0,9.2,1.577
1994-10-01,5.51,5.9148,0.02965517241379323,0.018750000000000044,5.9,9.1,1.635
1994-11-01,5.79,6.0604,0.026098901098901228,0.01718749999999991,5.8,8.9,1.567
1994-12-01,6.29,6.3736,0.026027397260274032,0.021943573667711602,5.6,8.8,1.5665
1995-01-01,6.24,6.5633,0.02597402597402576,0.0234375,5.5,8.7,1.5815
1995-02-01,6.16,6.7456,0.028708133971291794,0.0234375,5.6,8.7,1.584
1995-03-01,6.15,6.6617,0.02862985685071595,0.02336448598130847,5.4,8.7,1.619
1995-04-01,6.11,6.6694,0.027872195785180187,0.024844720496894235,5.4,8.7,1.6091
1995-05-01,6.02,6.721,0.03125000000000022,0.023112480739599484,5.8,8.5,1.5865
1995-06-01,5.9,6.6373,0.031186440677966054,0.02457757296466978,5.6,8.5,1.5905
1995-07-01,5.77,6.7974,0.030425963488843744,0.02611367127496167,5.6,8.5,1.598
1995-08-01,5.77,6.7925,0.028301886792452713,0.029366306027820643,5.7,8.4,1.5515
1995-09-01,5.73,6.7207,0.026174496644295386,0.02764976958525356,5.7,8.5,1.5795
1995-10-01,5.79,6.733,0.0254521098459477,0.030674846625766916,5.6,8.4,1.5807
1995-11-01,5.74,6.6418,0.027443105756358666,0.030721966205837115,5.5,8.4,1.5302
1995-12-01,5.62,6.485,0.02603471295060067,0.02914110429447847,5.6,8.2,1.5535
1996-01-01,5.39,6.3636,0.025316455696202667,0.03053435114503822,5.6,8.2,1.5096
1996-02-01,5.15,6.1643,0.027906976744185963,0.02900763358778624,5.6,8.2,1.532
1996-03-01,5.29,6.0543,0.02717031146454607,0.030441400304414,5.5,8.1,1.5262
1996-04-01,5.36,6.003,0.028439153439153486,0.028787878787878807,5.5,8.1,1.505
1996-05-01,5.36,6.0243,0.02832674571805005,0.028614457831325213,5.6,8.1,1.5495
1996-06-01,5.46,5.849,0.02827087442472065,0.028485757121439192,5.6,8.1,1.5529
1996-07-01,5.53,5.7317,0.028215223097112663,0.02844311377245523,5.3,8.0,1.5556
1996-08-01,5.4,5.7457,0.028833551769331667,0.02552552552552556,5.5,7.9,1.5612
1996-09-01,5.51,5.7726,0.028122956180510084,0.02690582959641241,5.1,7.9,1.5653
1996-10-01,5.41,5.938,0.030045721750489918,0.02678571428571419,5.2,7.8,1.6278
1996-11-01,5.38,6.3024,0.030618892508143203,0.02980625931445613,5.2,7.7,1.682
1996-12-01,5.44,6.353,0.03253090435914108,0.031296572280179014,5.4,7.6,1.7123
1997-01-01,5.43,6.323,0.03378817413905133,0.028148148148148255,5.4,7.4,1.6012
1997-02-01,5.37,6.1938,0.030381383322559907,0.026706231454005858,5.3,7.3,1.6287
1997-03-01,5.53,6.2003,0.030322580645161246,0.023633677991137247,5.2,7.2,1.6448
1997-04-01,5.71,6.3784,0.027652733118971096,0.022091310751104487,5.2,7.1,1.62
1997-05-01,5.7,6.446,0.02434336963484962,0.02049780380673516,5.1,7.0,1.636
1997-06-01,5.66,6.6595,0.02237851662404089,0.020408163265306145,4.9,7.0,1.665
1997-07-01,5.6,6.9578,0.02233567326100827,0.020378457059679667,5.0,7.0,1.6388
1997-08-01,5.6,7.154,0.021656050955414008,0.024890190336749773,4.9,6.9,1.6203
1997-09-01,5.6,7.2119,0.022900763358778775,0.02328966521106257,4.8,6.7,1.6117
1997-10-01,5.65,7.2618,0.0221940393151554,0.021739130434782705,4.9,6.5,1.6786
1997-11-01,5.74,7.536,0.020859671302149163,0.02170767004341534,4.7,6.5,1.6885
1997-12-01,5.8,7.6183,0.018903591682419618,0.02023121387283222,4.6,6.4,1.6427
1998-01-01,5.54,7.4762,0.016970458830924073,0.018731988472622474,4.7,6.2,1.6325
1998-02-01,5.54,7.4595,0.016311166875784044,0.01734104046242768,4.6,6.2,1.6453
1998-03-01,5.58,7.4774,0.01440200375704448,0.018759018759018753,4.6,6.2,1.6765
1998-04-01,5.58,7.437,0.013767209011263937,0.020172910662824117,4.7,6.2,1.6727
1998-05-01,5.59,7.4069,0.014383989993745905,0.021520803443328518,4.3,6.2,1.6308
1998-06-01,5.6,7.6258,0.016885553470919357,0.021428571428571352,4.4,6.1,1.6695
1998-07-01,5.59,7.7088,0.01622971285892638,0.018544935805991702,4.5,6.1,1.6349
1998-08-01,5.58,7.6558,0.0174563591022443,0.017142857142857126,4.5,6.1,1.676
1998-09-01,5.41,7.3825,0.016169154228855787,0.015647226173542084,4.5,6.1,1.6995
1998-10-01,5.21,7.1352,0.014267990074441794,0.017021276595744705,4.6,6.1,1.6735
1998-11-01,5.24,6.8881,0.014860681114551078,0.015580736543909568,4.5,6.0,1.6485
1998-12-01,5.14,6.3817,0.014842300556586308,0.016997167138810276,4.4,6.0,1.6628
1999-01-01,4.89,5.7985,0.01606922126081578,0.018387553041018245,4.4,6.1,1.6457
1999-02-01,4.9,5.4328,0.016666666666666607,0.019886363636363535,4.3,6.1,1.6027
1999-03-01,4.91,5.303,0.016666666666666607,0.018413597733711207,4.4,6.0,1.614
1999-04-01,4.88,5.2313,0.01728395061728394,0.021186440677966045,4.2,6.1,1.6085
1999-05-01,4.92,5.2482,0.02281134401972884,0.019662921348314377,4.3,6.0,1.602
1999-06-01,5.13,5.1234,0.02091020910209096,0.018181818181818077,4.2,6.0,1.5765
1999-07-01,5.24,5.0657,0.019656019656019597,0.0182072829131652,4.3,5.9,1.6207
1999-08-01,5.41,5.1795,0.021446078431372584,0.016853932584269593,4.3,5.9,1.6086
1999-09-01,5.5,5.3168,0.022643818849449104,0.01680672268907557,4.2,5.8,1.6457
1999-10-01,6.13,5.9388,0.02629969418960254,0.015341701534170138,4.2,5.7,1.6425
1999-11-01,6.0,5.7824,0.0256253813300793,0.015341701534170138,4.1,5.8,1.5935
1999-12-01,6.05,5.9656,0.026203534430225606,0.015320334261838653,4.1,5.7,1.615
2000-01-01,5.95,6.0578,0.02676399026763998,0.015277777777777724,4.0,5.8,1.6182
2000-02-01,6.01,6.1492,0.02792956891317555,0.011142061281337101,4.0,5.7,1.578
2000-03-01,6.14,6.1458,0.032179720704310855,0.012517385257301727,4.1,5.7,1.5922
2000-04-01,6.28,6.2129,0.03762135922330101,0.009681881051175623,4.0,5.6,1.556
2000-05-01,6.71,6.2289,0.03013863773357439,0.009641873278236845,3.8,5.6,1.4968
2000-06-01,6.73,6.1423,0.031325301204819134,0.009615384615384581,4.0,5.5,1.513
2000-07-01,6.67,6.1146,0.03734939759036138,0.012379642365887067,4.0,5.3,1.4983
2000-08-01,6.61,6.1365,0.03599280143971195,0.012430939226519166,4.0,5.2,1.4515
2000-09-01,6.6,6.1191,0.033512866546977715,0.009641873278236845,4.1,5.3,1.4787
2000-10-01,6.67,6.081,0.0345649582836709,0.013736263736263687,3.9,5.3,1.4505
2000-11-01,6.65,6.0007,0.03450327186198687,0.013736263736263687,3.9,5.2,1.421
2000-12-01,6.45,5.8882,0.03444180522565321,0.015089163237311354,3.9,5.1,1.4955
2001-01-01,5.62,5.7642,0.03436018957345954,0.012311901504788114,3.9,5.1,1.4613
2001-02-01,5.26,5.6854,0.037212049616065945,0.012396694214876103,4.2,5.1,1.4433
2001-03-01,4.89,5.473,0.03529411764705892,0.01236263736263754,4.2,4.9,1.419
2001-04-01,4.53,5.3323,0.029824561403508643,0.012328767123287676,4.3,4.9,1.4306
2001-05-01,4.02,5.1727,0.03218256290228205,0.015006821282401273,4.4,4.8,1.4175
2001-06-01,3.74,5.189,0.035630841121495394,0.019047619047619202,4.3,4.9,1.4077
2001-07-01,3.66,5.1917,0.03193960511033689,0.01902173913043481,4.5,5.0,1.4252
2001-08-01,3.48,4.9269,0.027214823393167498,0.016371077762619368,4.6,5.0,1.451
2001-09-01,2.87,4.6485,0.027214823393167498,0.02046384720327432,4.9,5.0,1.4691
2001-10-01,2.31,4.3594,0.025921658986175045,0.016260162601626105,5.0,5.0,1.4534
2001-11-01,2.03,3.9326,0.02127659574468077,0.014905149051490652,5.3,5.0,1.4255
2001-12-01,1.83,3.9852,0.01894374282433997,0.012162162162162149,5.5,5.1,1.4543
2002-01-01,1.74,3.978,0.01603665521191311,0.013513513513513598,5.7,5.2,1.412
2002-02-01,1.82,3.9805,0.011958997722095743,0.017687074829932037,5.7,5.0,1.4129
2002-03-01,1.91,4.0609,0.011363636363636465,0.01763907734056991,5.7,5.1,1.425
2002-04-01,1.87,4.1086,0.013628620102214661,0.017591339648173276,5.7,5.2,1.4565
2002-05-01,1.82,4.0795,0.01643990929705219,0.01612903225806428,5.9,5.2,1.4625
2002-06-01,1.81,4.112,0.012408347433727984,0.012016021361815676,5.8,5.2,1.5245
2002-07-01,1.79,3.9925,0.010692177827799743,0.010666666666666602,5.8,5.1,1.5625
2002-08-01,1.73,3.9174,0.01465614430665152,0.014765100671140896,5.8,5.2,1.5476
2002-09-01,1.76,3.9315,0.01747463359639223,0.013368983957219305,5.7,5.2,1.57
2002-10-01,1.73,3.9015,0.01516002245929271,0.01333333333333342,5.7,5.2,1.563
2002-11-01,1.39,3.9091,0.020270270270270174,0.016021361815754087,5.7,5.1,1.5553
2002-12-01,1.34,3.9488,0.022535211267605604,0.016021361815754087,5.9,5.1,1.6095
2003-01-01,1.29,3.9132,0.024802705749718212,0.0173333333333332,6.0,5.0,1.6448
2003-02-01,1.27,3.6888,0.02757456387169399,0.014705882352941346,5.8,5.1,1.5737
2003-03-01,1.23,3.5838,0.03146067415730336,0.014666666666666606,5.9,5.1,1.579
2003-04-01,1.24,3.576,0.03025210084033625,0.015957446808510634,5.9,5.0,1.6
2003-05-01,1.22,3.5665,0.02175125488008911,0.015873015873015817,6.0,5.0,1.6393
2003-06-01,1.04,3.5702,0.018941504178273005,0.013192612137203241,6.1,4.9,1.6529
2003-07-01,1.05,3.42,0.01948775055679297,0.011873350923482962,6.3,5.0,1.609
2003-08-01,1.08,3.4518,0.020555555555555438,0.013227513227513255,6.2,5.0,1.5773
2003-09-01,1.08,3.6311,0.02216066481994461,0.013192612137203241,6.1,5.0,1.662
2003-10-01,1.1,3.727,0.02378318584070782,0.013157894736842035,6.1,4.9,1.6956
2003-11-01,1.11,3.9085,0.02041942604856528,0.013140604467805517,6.0,4.9,1.7219
2003-12-01,1.1,3.949,0.019283746556473913,0.013140604467805517,5.8,4.9,1.7842
2004-01-01,1.06,3.986,0.020352035203520247,0.013106159895150737,5.7,4.8,1.8215
2004-02-01,1.05,4.101,0.020262869660460092,0.014492753623188248,5.7,4.7,1.8575
2004-03-01,1.05,4.2328,0.01688453159041381,0.014454664914586246,5.6,4.7,1.84
2004-04-01,1.08,4.3288,0.017400761283306032,0.011780104712041828,5.8,4.7,1.7744
2004-05-01,1.2,4.4555,0.022925764192139875,0.01041666666666674,5.6,4.7,1.833
2004-06-01,1.46,4.7305,0.028977583378895444,0.01432291666666674,5.6,4.7,1.8126
2004-07-01,1.57,4.7859,0.03167667941015839,0.015645371577575062,5.6,4.7,1.8183
2004-08-01,1.68,4.8938,0.02939575394665228,0.01436031331592691,5.5,4.7,1.8031
2004-09-01,1.86,4.8743,0.025474254742547275,0.01432291666666674,5.4,4.6,1.809
2004-10-01,2.04,4.8336,0.025391680172879516,0.011688311688311748,5.4,4.6,1.8345
2004-11-01,2.26,4.8159,0.03190914007571655,0.012970168612191912,5.5,4.7,1.9073
2004-12-01,2.45,4.8057,0.03621621621621607,0.015564202334630295,5.4,4.7,1.916
2005-01-01,2.61,4.8045,0.033423180592991875,0.01681759379042691,5.4,4.8,1.885
2005-02-01,2.77,4.822,0.028448738593666034,0.016883116883116944,5.3,4.7,1.9249
2005-03-01,2.97,4.9186,0.030530262453133394,0.01683937823834203,5.4,4.6,1.8888
2005-04-01,3.09,4.8756,0.032068412613575736,0.019404915912031084,5.2,4.6,1.9122
2005-05-01,3.22,4.8253,0.03361792956243326,0.019329896907216426,5.2,4.7,1.8231
2005-06-01,3.38,4.7777,0.02869287991498415,0.019255455712451797,5.1,4.7,1.793
2005-07-01,3.57,4.5948,0.02541026998411855,0.019255455712451797,5.0,4.6,1.7593
2005-08-01,3.77,4.533,0.03067160232681121,0.02316602316602312,5.0,4.6,1.8012
2005-09-01,3.87,4.5359,0.03646934460887952,0.02310654685494229,4.9,4.6,1.7696
2005-10-01,4.13,4.525,0.04741833508956805,0.025673940949935803,5.0,4.9,1.7689
2005-11-01,4.31,4.5614,0.04350104821802936,0.02432778489116516,5.0,5.1,1.7321
2005-12-01,4.45,4.587,0.03338549817423053,0.02171136653895278,5.0,5.2,1.7188
2006-01-01,4.56,4.5369,0.03338549817423053,0.021628498727735312,4.9,5.1,1.782
2006-02-01,4.72,4.5203,0.04018789144050117,0.02171136653895278,4.7,5.1,1.7539
2006-03-01,4.88,4.5263,0.0363825363825363,0.021656050955414008,4.8,5.2,1.7393
2006-04-01,5.03,4.5725,0.03417918177110302,0.020304568527918843,4.7,5.3,1.822
2006-05-01,5.15,4.6519,0.03613835828600931,0.02275600505689024,4.7,5.4,1.8732
2006-06-01,5.35,4.6927,0.03977272727272729,0.023929471032745564,4.6,5.4,1.8491
2006-07-01,5.46,4.6838,0.041817243159525175,0.02644836272040285,4.6,5.4,1.8685
2006-08-01,5.38,4.8968,0.041046690610569536,0.02515723270440251,4.7,5.5,1.9024
2006-09-01,5.34,4.9819,0.03926568077511483,0.026348808030112858,4.7,5.5,1.8716
2006-10-01,5.33,5.0909,0.02012072434607637,0.0250312891113893,4.5,5.4,1.9084
2006-11-01,5.32,5.1791,0.014063284781516971,0.02499999999999991,4.4,5.4,1.9693
2006-12-01,5.32,5.2453,0.01968702675416467,0.02750000000000008,4.5,5.5,1.9586
2007-01-01,5.32,5.4545,0.025239777889954462,0.028642590286425795,4.4,5.5,1.9611
2007-02-01,5.31,5.5248,0.020757651781234232,0.026249999999999885,4.6,5.5,1.9613
2007-03-01,5.3,5.5041,0.02420260782347028,0.027431421446383997,4.5,5.5,1.9685
2007-04-01,5.31,5.6058,0.027981972959439272,0.02985074626865658,4.4,5.5,2.0
2007-05-01,5.31,5.7221,0.025929247633283525,0.027194066749072876,4.5,5.4,1.9797
2007-06-01,5.33,5.8348,0.02709885742672613,0.024600246002460135,4.4,5.3,2.0063
2007-07-01,5.32,5.9789,0.02692765113974227,0.024539877300613577,4.6,5.3,2.0364
2007-08-01,5.49,6.3389,0.023178905864958077,0.019631901840490684,4.7,5.3,2.0165
2007-09-01,5.46,6.5813,0.01897448478900876,0.019559902200489088,4.6,5.3,2.0389
2007-10-01,5.08,6.2122,0.028338264299802685,0.019536019536019467,4.7,5.2,2.0777
2007-11-01,4.97,6.3564,0.03610698365527476,0.02195121951219514,4.7,5.1,2.0567
2007-12-01,5.02,6.3542,0.04373267326732666,0.02311435523114347,4.7,5.1,1.9843
2008-01-01,3.84,5.6071,0.04108813392417532,0.023002421307506182,5.0,5.1,1.9895
2008-02-01,3.06,5.6083,0.04294695655165981,0.02436053593179044,5.0,5.1,1.9864
2008-03-01,2.79,5.8555,0.04142959270611968,0.02669902912621347,4.9,5.1,1.9855
2008-04-01,2.85,5.8961,0.03974903550134434,0.025362318840579823,5.1,5.2,1.9847
2008-05-01,2.66,5.7933,0.039037609759888126,0.030084235860409203,5.0,5.1,1.9793
2008-06-01,2.76,5.9002,0.04088413823123993,0.03361344537815114,5.4,5.3,1.9906
2008-07-01,2.79,5.803,0.04935966105947864,0.03712574850299388,5.6,5.4,1.9806
2008-08-01,2.79,5.7588,0.054975120783418374,0.042117930204572884,5.8,5.7,1.819
2008-09-01,3.59,5.8698,0.053080171620912386,0.04436450839328532,6.1,5.8,1.7804
2008-10-01,4.32,6.1772,0.04953319875136075,0.0479041916167664,6.1,5.9,1.6165
2008-11-01,2.36,4.3955,0.03731057889956513,0.0417661097852029,6.5,6.1,1.5348
2008-12-01,1.77,3.2143,0.010999174706166848,0.038049940546967864,6.8,6.3,1.4619
2009-01-01,1.02,2.28,-0.0002222800255385904,0.03076923076923066,7.3,6.5,1.4413
2009-02-01,1.16,2.0758,-0.0011358601902212717,0.029726516052318575,7.8,6.8,1.4276
2009-03-01,1.07,1.8273,8.463140671510772e-05,0.030732860520094718,8.3,7.1,1.43
2009-04-01,0.89,1.4838,-0.004464787676623838,0.028268551236749095,8.7,7.3,1.4799
2009-05-01,0.57,1.3026,-0.005763244243767063,0.02219626168224309,9.0,7.6,1.616
2009-06-01,0.39,1.2057,-0.01015761495855172,0.020905923344947785,9.4,7.8,1.6452
2009-07-01,0.35,1.0293,-0.012291746182109153,0.01732101616628179,9.5,7.9,1.6713
2009-08-01,0.3,0.7963,-0.01958761003762277,0.01616628175519641,9.5,7.8,1.6314
2009-09-01,0.25,0.617,-0.014838355663267633,0.013777267508610747,9.6,7.8,1.6004
2009-10-01,0.24,0.5636,-0.01377942862886472,0.00914285714285712,9.8,7.8,1.6479
2009-11-01,0.21,0.5976,-0.002239682942003385,0.012600229095074633,10.0,7.7,1.6409
2009-12-01,0.22,0.6071,0.019145871744709275,0.014891179839633395,9.9,7.7,1.6167
2010-01-01,0.2,0.6013,0.028141231232083674,0.02066590126291623,9.9,7.7,1.6009
2010-02-01,0.19,0.5995,0.026211113889767157,0.025404157043879882,9.8,7.9,1.5239
2010-03-01,0.23,0.6002,0.02151336357866529,0.020642201834862428,9.8,8.0,1.5186
2010-04-01,0.3,0.6,0.022861714393279886,0.024054982817869552,9.9,7.9,1.5308
2010-05-01,0.45,0.6645,0.022067707525304403,0.02742857142857158,9.9,7.8,1.4492
2010-06-01,0.52,0.7045,0.020035489292185682,0.025028441410693825,9.6,7.8,1.4947
2010-07-01,0.41,0.75,0.011215605940686268,0.02383654937570956,9.4,7.7,1.5714
2010-08-01,0.32,0.75,0.013407784804821077,0.022727272727272707,9.5,7.7,1.5358
2010-09-01,0.28,0.7545,0.011501775395112546,0.023782559456398733,9.5,7.6,1.5731
2010-10-01,0.27,0.75,0.011183122472331775,0.023782559456398733,9.5,7.7,1.602
2010-11-01,0.27,0.75,0.011666951489314625,0.02488687782805421,9.5,7.8,1.5578
2010-12-01,0.3,0.755,0.01084544776600338,0.025959367945824097,9.8,7.7,1.5392
2011-01-01,0.29,0.7785,0.01437793022217937,0.03149606299212593,9.3,7.8,1.6042
2011-02-01,0.28,0.775,0.017007834915029774,0.03378378378378377,9.1,7.8,1.6247
2011-03-01,0.28,0.7811,0.02124898173333145,0.03707865168539315,9.0,7.7,1.6048
2011-04-01,0.23,0.8,0.02619241510354109,0.03579418344519003,8.9,7.7,1.6691
2011-05-01,0.21,0.8,0.030772344447868694,0.03781979977753047,9.0,7.8,1.6439
2011-06-01,0.22,0.8464,0.034589718808965,0.037735849056603765,9.0,7.9,1.6067
2011-07-01,0.24,0.86,0.03502318150636041,0.03658536585365857,9.1,8.0,1.6455
2011-08-01,0.29,0.8873,0.035798809769996165,0.03888888888888897,9.0,8.1,1.6269
2011-09-01,0.33,0.9664,0.0375499603070808,0.03871681415929196,9.0,8.3,1.5624
2011-10-01,0.37,1.0179,0.03812621692818685,0.04535398230088483,9.0,8.3,1.6141
2011-11-01,0.41,1.0511,0.035222681306640524,0.04304635761589415,8.9,8.4,1.5705
2011-12-01,0.49,1.0878,0.03451432214581729,0.04180418041804179,8.6,8.3,1.5537
2012-01-01,0.4,1.1086,0.03062066838419386,0.03598691384950925,8.5,8.3,1.5754
2012-02-01,0.3,1.0971,0.030087663379855023,0.031590413943355156,8.3,8.2,1.5951
2012-03-01,0.29,1.0752,0.028981784423473878,0.031419284940411796,8.3,8.1,1.5985
2012-04-01,0.29,1.0558,0.025828752813320977,0.030237580993520696,8.2,8.1,1.6225
2012-05-01,0.29,1.0143,0.022731633741348567,0.02786709539121124,8.1,7.9,1.5405
2012-06-01,0.32,0.9658,0.01737942937466075,0.025668449197860932,8.2,7.9,1.5686
2012-07-01,0.3,0.8627,0.01653870448297634,0.022459893048128343,8.2,7.9,1.5686
2012-08-01,0.26,0.7048,0.014175114798464783,0.02352941176470602,8.2,7.8,1.5864
2012-09-01,0.24,0.6418,0.016859349154821235,0.02342917997870053,8.1,7.8,1.6132
2012-10-01,0.23,0.535,0.019497168982819613,0.020105820105820182,7.8,7.8,1.6111
2012-11-01,0.23,0.5034,0.021556780595369363,0.024338624338624326,7.9,7.7,1.6027
2012-12-01,0.24,0.5,0.017960197033926262,0.02428722280887019,7.8,7.7,1.6262
2013-01-01,0.23,0.4927,0.017595049796895523,0.02421052631578946,7.8,7.7,1.5856
2013-02-01,0.22,0.49,0.01684061762098299,0.02428722280887019,7.9,7.8,1.5192
2013-03-01,0.21,0.4865,0.020181404902574807,0.024159663865546133,7.7,7.7,1.5193
2013-04-01,0.2,0.485,0.015187472411246183,0.02515723270440251,7.6,7.7,1.5539
2013-05-01,0.2,0.485,0.01138808047576867,0.021897810218977964,7.5,7.7,1.5185
2013-06-01,0.19,0.485,0.013903888279197085,0.023983315954118734,7.6,7.7,1.521
2013-07-01,0.14,0.4839,0.017157935271568725,0.025104602510460206,7.6,7.7,1.5177
2013-08-01,0.12,0.485,0.01885471805415806,0.024033437826541215,7.4,7.6,1.5468
2013-09-01,0.11,0.4931,0.01538809488600279,0.02393340270551514,7.3,7.5,1.6179
2013-10-01,0.12,0.495,0.010947341081747997,0.02385892116182564,7.2,7.3,1.6068
2013-11-01,0.12,0.5017,0.00876799143491147,0.02066115702479343,7.3,7.2,1.6373
2013-12-01,0.14,0.5335,0.012328701961954458,0.01855670103092777,7.0,7.2,1.6574
2014-01-01,0.12,0.5318,0.015128383667573297,0.019527235354573458,6.7,7.1,1.645
2014-02-01,0.13,0.5288,0.01557758795574915,0.017525773195876226,6.6,6.8,1.675
2014-03-01,0.12,0.53,0.011204746347724948,0.016410256410256396,6.7,6.7,1.6675
2014-04-01,0.12,0.532,0.016126949139408042,0.015337423312883347,6.7,6.5,1.6883
2014-05-01,0.11,0.55,0.02015125303606169,0.01632653061224487,6.3,6.4,1.6764
2014-06-01,0.11,0.55,0.02166947687079812,0.014256619144602745,6.3,6.3,1.7105
2014-07-01,0.13,0.5487,0.020589816945944195,0.01836734693877551,6.1,6.2,1.6889
2014-08-01,0.13,0.545,0.019742378703305974,0.01632653061224487,6.2,6.0,1.6585
2014-09-01,0.12,0.5505,0.017150983482969062,0.015243902439024293,6.1,5.9,1.622
2014-10-01,0.12,0.5426,0.016840509711232077,0.01317122593718345,5.9,5.9,1.5999
2014-11-01,0.13,0.53,0.016095417021513292,0.013157894736842035,5.8,5.9,1.5638
2014-12-01,0.15,0.53,0.01231524989320798,0.011133603238866474,5.8,5.6,1.5578
2015-01-01,0.16,0.53,0.006531213919623191,0.007056451612903247,5.6,5.5,1.5026
2015-02-01,0.15,0.53,-0.002299309782054282,0.005065856129685908,5.7,5.4,1.5439
2015-03-01,0.14,0.53,-0.0008703146293520536,0.004036326942482349,5.5,5.4,1.485
2015-04-01,0.13,0.53,-0.00022031284423873476,0.0030211480362536403,5.5,5.4,1.5328
2015-05-01,0.15,0.54,-0.0010403098939391064,0.003012048192771122,5.4,5.6,1.5286
2015-06-01,0.18,0.55,0.0003503321824429584,0.005020080321285203,5.5,5.6,1.5727
2015-07-01,0.19,0.57,0.001795718097550525,0.0030060120240480437,5.3,5.5,1.5634
2015-08-01,0.26,0.57,0.0022568611104094582,0.004016064257028162,5.3,5.3,1.5363
2015-09-01,0.27,0.57,0.002413037985344868,0.004004004004003914,5.1,5.2,1.5116
2015-10-01,0.25,0.57,8.842961634170088e-05,0.0020000000000000018,5.1,5.2,1.5445
2015-11-01,0.3,0.57,0.0012761656067050708,0.0019980019980019303,5.0,5.1,1.5044
2015-12-01,0.54,0.57,0.004363182169185187,0.004004004004003914,5.0,5.1,1.4746
2016-01-01,0.57,0.57,0.006387247515364791,0.005005005005005003,5.0,5.0,1.4184
2016-02-01,0.54,0.57,0.012375025026943876,0.007056451612903247,4.9,5.0,1.3926
2016-03-01,0.55,0.57,0.008472775790126619,0.0060301507537687815,4.9,4.9,1.4381
2016-04-01,0.55,0.57,0.008916160965521946,0.008032128514056325,5.0,5.0,1.4625
2016-05-01,0.57,0.57,0.011726257503534843,0.00700700700700696,5.0,4.9,1.453
2016-06-01,0.55,0.56,0.010784764621246223,0.006993006993007089,4.7,5.0,1.3242
2016-07-01,0.62,0.54,0.010792865347959424,0.00899100899100902,4.9,4.8,1.327
2016-08-01,0.73,0.47,0.008683633430518256,0.009000000000000119,4.9,4.9,1.3129
2016-09-01,0.75,0.36,0.010553158595656864,0.008973080757726848,4.9,4.7,1.3015
2016-10-01,0.72,0.37,0.015486446201652182,0.012974051896207595,5.0,4.8,1.2212
2016-11-01,0.71,0.38,0.01685924966243646,0.012961116650049842,4.9,4.8,1.2481
2016-12-01,0.87,0.38,0.016843334719788938,0.014955134596211339,4.6,4.7,1.2337
2017-01-01,0.9,0.35,0.020507989115119862,0.017928286852589626,4.7,4.6,1.2585
2017-02-01,0.87,0.34,0.025103933482571117,0.019019019019018923,4.8,4.5,1.2427
2017-03-01,0.98,0.33,0.028103616813294208,0.022977022977023198,4.7,4.6,1.2537
2017-04-01,1.03,0.33,0.0244119623655914,0.02290836653386452,4.5,4.5,1.2938
2017-05-01,1.05,0.33,0.02176223471915395,0.025844930417495027,4.4,4.4,1.2905
2017-06-01,1.16,0.32,0.018563431667619756,0.026785714285714413,4.3,4.4,1.2995
2017-07-01,1.22,0.32,0.01640565809959127,0.024752475247524774,4.4,4.3,1.3196
2017-08-01,1.25,0.31,0.017251073506566073,0.025768087215064295,4.3,4.2,1.2888
2017-09-01,1.25,0.32,0.0192812155729698,0.027667984189723382,4.4,4.2,1.3402
2017-10-01,1.26,0.35,0.021805652303711787,0.02758620689655178,4.2,4.2,1.3281
2017-11-01,1.32,0.44,0.02020757753132485,0.02755905511811041,4.1,4.3,1.3506
2017-12-01,1.53,0.5,0.02172493864295566,0.028487229862475427,4.1,4.3,1.3529
2018-01-01,1.67,0.5,0.021299307195522532,0.02739726027397249,4.1,4.2,1.419
2018-02-01,1.78,0.5,0.02151318868063945,0.026522593320235766,4.1,4.1,1.3794
2018-03-01,2.08,0.57,0.02263468931091861,0.0244140625,4.1,4.1,1.4027
2018-04-01,2.2,0.7,0.023309497646499366,0.023369036027263812,4.1,4.1,1.3751
2018-05-01,2.16,0.6929,0.024709963021052994,0.022286821705426396,3.9,4.1,1.3289
2018-06-01,2.19,0.65,0.02781921607842497,0.023188405797101463,3.8,4.0,1.3197
2018-07-01,2.17,0.67975,0.028075506935940187,0.023188405797101463,4.0,4.0,1.3125
2018-08-01,2.19,0.8065,0.02854124785561929,0.023188405797101463,3.9,4.0,1.2964
2018-09-01,2.24,0.8,0.026429238568742575,0.024038461538461453,3.9,4.0,1.3053
2018-10-01,2.37,0.8,0.02332055105808828,0.022051773729625967,3.7,4.1,1.2779
2018-11-01,2.56,0.83,0.02492032470218053,0.022030651340996243,3.7,4.0,1.2772
2018-12-01,2.69,0.89,0.02147328577667773,0.021012416427889313,3.7,4.0,1.2763
2019-01-01,2.59,0.91,0.020023809043401064,0.020000000000000018,3.9,3.8,1.3135
2019-02-01,2.49,0.91,0.015506772911568323,0.0181818181818183,4.0,3.8,1.3274
2019-03-01,2.48,0.84,0.015200638001995781,0.018112488083889433,3.8,3.7,1.3032
2019-04-01,2.47,0.82,0.018531355052749277,0.01807802093244537,3.8,3.7,1.303
2019-05-01,2.44,0.8,0.019917914533603476,0.019905213270142053,3.6,3.7,1.262
2019-06-01,2.3,0.78,0.01793518134549732,0.018885741265344702,3.6,3.8,1.2704
2019-07-01,2.22,0.77,0.016496824928889486,0.018885741265344702,3.7,3.8,1.222
2019-08-01,2.06,0.76,0.01779757497591694,0.019830028328611915,3.7,3.8,1.2166
2019-09-01,2.03,0.77,0.017467804166683365,0.016901408450704203,3.7,3.8,1.2305
2019-10-01,1.88,0.78,0.017166173636500748,0.016885553470919357,3.5,3.7,1.2939
2019-11-01,1.77,0.79,0.01769183295618193,0.014995313964386137,3.6,3.8,1.2939
2019-12-01,1.76,0.79,0.02062202585967987,0.014967259120673537,3.5,3.7,1.3269
2020-01-01,1.65,0.74,0.02313988772268538,0.013071895424836555,3.5,3.7,1.3195
2020-02-01,1.59,0.75,0.02500415482870233,0.017857142857142794,3.6,3.8,1.2778
2020-03-01,1.35,0.53,0.023393151798896117,0.016853932584269593,3.5,3.8,1.2454
2020-04-01,1.35,0.65,0.015428674833400269,0.01495327102803734,4.4,3.8,1.2602
2020-05-01,0.17,0.33,0.0034520455622992774,0.009293680297397744,14.7,3.9,1.232
2020-06-01,0.2,0.19,0.0022640918171490387,0.006487488415199083,13.3,3.8,1.2369
2020-07-01,0.18,0.1,0.0071602412613311905,0.008341056533827551,11.1,3.9,1.3133
2020-08-01,0.15,0.07,0.01014138490721006,0.011111111111111072,10.2,4.3,1.3375
2020-09-01,0.13,0.06,0.013090732995129972,0.004616805170821747,8.4,4.6,1.2921
2020-10-01,0.12,0.05,0.013714811450580955,0.007380073800737907,7.9,4.9,1.2933
2020-11-01,0.16,0.04,0.01182534869617946,0.008310249307479367,6.9,5.038246663,1.3338
2020-12-01,0.17,0.03,0.011675581742648378,0.0055299539170505785,6.7,5.109323632,1.3662
2021-01-01,0.14,0.03,0.013220373062765134,0.008294930875575979,6.7,4.996903446,1.3723
2021-02-01,0.11,0.05,0.0139478144048919,0.009233610341643494,6.3,4.911002588,1.3947
2021-03-01,0.1,0.08,0.01693359254459037,0.007366482504604255,6.2,4.760188969,1.3795
2021-04-01,0.11,0.09,0.0263051866544759,0.010128913443830712,6.0,4.729401257,1.3838
2021-05-01,0.1,0.08,0.04130546834731286,0.016574585635359185,6.1,4.839443081,1.4188
2021-06-01,0.09,0.08,0.04915034314568456,0.022099447513812098,5.8,4.723914716,1.3806
2021-07-01,0.1,0.08,0.05281610671398451,0.023897058823529438,5.9,4.572463027,1.3913
2021-08-01,0.1,0.07,0.05221505509567215,0.020146520146520075,5.4,4.451371911,1.3747
2021-09-01,0.1,0.07,0.051882919382755466,0.030330882352941124,5.2,4.263133876,1.347
2021-10-01,0.11,0.16,0.05383630287391039,0.029304029304029422,4.8,4.195305645,1.3686
2021-11-01,0.14,0.13,0.062377538553744616,0.03846153846153855,4.6,4.08285755,1.3252
2021-12-01,0.17,0.16,0.06862387994463481,0.045829514207149424,4.2,4.1,1.35
2022-01-01,0.22,0.53,0.07194458755509747,0.04844606946983543,3.9,3.9,1.3439
2022-02-01,0.38,0.81,0.07595278888254331,0.04849039341262573,4.0,3.8,1.3419
2022-03-01,0.73,0.99,0.07954847176810631,0.054844606946983454,3.8,3.7,1.3152
2022-04-01,0.91,1.13,0.08515216258861358,0.06198723792160443,3.6,3.8,1.2565
2022-05-01,1.33,1.31,0.0822777215284809,0.0778985507246377,3.6,3.8,1.2624
2022-06-01,1.87,1.57,0.08502331957503229,0.07837837837837847,3.6,3.8,1.2162
2022-07-01,2.5,1.84,0.08932986890105288,0.08168761220825838,3.6,3.6,1.2183
2022-08-01,2.76,2.23,0.08413182025581012,0.08797127468581678,3.5,3.5,1.1647
2022-09-01,3.21,2.91,0.08227361014402468,0.08652988403211426,3.7,3.6,1.1134
2022-10-01,3.85,3.39,0.08214853956529966,0.08807829181494653,3.5,3.7,1.1515
2022-11-01,4.46,3.52,0.07762492676893706,0.09611992945326264,3.7,3.7,1.1962
